{
  "accuracy": [
    0.6501991748809814,
    0.8154050707817078,
    0.8573704957962036,
    0.8661354780197144,
    0.90358567237854,
    0.9014608263969421,
    0.9070385098457336,
    0.9221779704093933,
    0.9102257490158081,
    0.9213811159133911,
    0.9213811159133911,
    0.9181938767433167,
    0.9264276027679443,
    0.9250996112823486,
    0.928021252155304,
    0.9298804998397827,
    0.932802140712738,
    0.9367861747741699,
    0.9375830292701721,
    0.9428951144218445,
    0.9373173713684082,
    0.9383798241615295,
    0.9317396879196167,
    0.9359893798828125,
    0.9492695927619934,
    0.950863242149353,
    0.9407702684402466,
    0.9447543025016785,
    0.9447543025016785,
    0.9418326616287231
  ],
  "loss": [
    0.9254333972930908,
    0.46289578080177307,
    0.3617745041847229,
    0.3204929232597351,
    0.2545253336429596,
    0.25158485770225525,
    0.2314511090517044,
    0.20074418187141418,
    0.20594172179698944,
    0.19583086669445038,
    0.18965257704257965,
    0.20347929000854492,
    0.19228319823741913,
    0.17943622171878815,
    0.18348325788974762,
    0.1766180396080017,
    0.1660587638616562,
    0.15973584353923798,
    0.15832845866680145,
    0.13826264441013336,
    0.16151587665081024,
    0.15620706975460052,
    0.16258840262889862,
    0.15720775723457336,
    0.13851988315582275,
    0.13328608870506287,
    0.14896760880947113,
    0.14586599171161652,
    0.14145325124263763,
    0.1393810212612152
  ],
  "val_accuracy": [
    0.39330023527145386,
    0.3920595645904541,
    0.3697270452976227,
    0.44416874647140503,
    0.40694788098335266,
    0.5024814009666443,
    0.514888346195221,
    0.6153846383094788,
    0.6414391994476318,
    0.7084367275238037,
    0.7158808708190918,
    0.7419354915618896,
    0.7866004705429077,
    0.7816377282142639,
    0.8138957619667053,
    0.8027295470237732,
    0.8101736903190613,
    0.8225806355476379,
    0.826302707195282,
    0.8349875807762146,
    0.8560793995857239,
    0.8436724543571472,
    0.8486352562904358,
    0.8610422015190125,
    0.8548387289047241,
    0.8660049438476562,
    0.8647642731666565,
    0.8635236024856567,
    0.8746898174285889,
    0.8672456741333008
  ],
  "val_loss": [
    1.820523977279663,
    1.931339979171753,
    2.340745449066162,
    2.326075315475464,
    2.554959774017334,
    2.0071933269500732,
    2.1694774627685547,
    1.3656163215637207,
    1.2586089372634888,
    0.9786256551742554,
    0.9413343667984009,
    0.8510278463363647,
    0.722172200679779,
    0.6346120238304138,
    0.5578151941299438,
    0.7205997705459595,
    0.738053023815155,
    0.5784411430358887,
    0.5969914793968201,
    0.5710781812667847,
    0.49391427636146545,
    0.5371361970901489,
    0.4941410720348358,
    0.44124677777290344,
    0.45792749524116516,
    0.3958873152732849,
    0.4212043285369873,
    0.39436015486717224,
    0.3693755269050598,
    0.37796440720558167
  ],
  "learning_rate": [
    9.999999747378752e-05,
    9.999999747378752e-05,
    9.999999747378752e-05,
    9.999999747378752e-05,
    4.999999873689376e-05,
    4.999999873689376e-05,
    4.999999873689376e-05,
    2.499999936844688e-05,
    2.499999936844688e-05,
    2.499999936844688e-05,
    2.499999936844688e-05,
    2.499999936844688e-05,
    2.499999936844688e-05,
    2.499999936844688e-05,
    2.499999936844688e-05,
    2.499999936844688e-05,
    2.499999936844688e-05,
    2.499999936844688e-05,
    1.249999968422344e-05,
    1.249999968422344e-05,
    1.249999968422344e-05,
    1.249999968422344e-05,
    1.249999968422344e-05,
    1.249999968422344e-05,
    1.249999968422344e-05,
    1.249999968422344e-05,
    1.249999968422344e-05,
    1.249999968422344e-05,
    1.249999968422344e-05,
    1.249999968422344e-05
  ]
}